1,131. Algebra - Distributive Property and Combine Like Terms 1,http://www.ggvinteractive.com/ggv/sample-course/support-media/external-media/1/,13,131,Expressions and Equations,Algebraic,,Algebra - Distributive Property and Combine Like Terms 1,Algebra - Distributive Property and Combine Like Terms 2,Algebra - Distributive Property and Combine Like Terms 3,Algebra - Distributive Property and Combine Like Terms 4,Algebra - Distributive Property and Combine Like Terms 5
2,133. Algebra - Distributive Property and Combine Like Terms 1,http://www.ggvinteractive.com/ggv/sample-course/support-media/external-media/4/,13,131,Expressions and Equations,Algebraic,,,,,,
3,127. Algebra - Multi Step Equations 1,http://www.ggvinteractive.com/ggv/sample-course/support-media/external-media/2/,13,131,Expressions and Equations,Algebraic,,,,,,
4,97. Geometry & Algebra - Exponents,http://www.ggvinteractive.com/ggv/sample-course/slidestack/736/,9,124,Geometry and Algebra,Algebraic,,,,,,
5,32. Fractions - Common Denominators,http://www.ggvinteractive.com/ggv/sample-course/slidestack/710/,4,118,Fractions,Quantitative,,,,,,
6,70. Percents - Find What %.,http://www.ggvinteractive.com/ggv/sample-course/slidestack/725/,6,121,Percents,Quantitative,,,,,,
7,78. Proportions - Set Up,http://www.ggvinteractive.com/ggv/sample-course/slidestack/728/,8,123,Proportions,Algebraic,,,,,,
8,133. Algebra - Distributive Property and Combine Like Terms 1,http://www.ggvinteractive.com/ggv/sample-course/support-media/external-media/4/,13,131,Expressions and Equations,Algebraic,,,,,,
9,108. Scientific Notation 1,http://www.ggvinteractive.com/ggv/sample-course/slidestack/740/,10,125,Scientific Notation,Algebraic,,,,,,
10,135. Algebra - Solve Equations with Variables on Both Sides of the Equation 3,http://www.ggvinteractive.com/ggv/sample-course/lesson/1/,13,131,Expressions and Equations,Algebraic,,,,,,
11,116. Pythagorean Relationship,http://www.ggvinteractive.com/ggv/sample-course/slidestack/741/,11,34,Pythagorean,Algebraic,,,,,,
12,65. Percents - Find % of a Number,http://www.ggvinteractive.com/ggv/sample-course/slidestack/722/,6,121,Percents,Quantitative,,,,,,
13,72. Percents - Find Interest Using Formula,http://www.ggvinteractive.com/ggv/sample-course/slidestack/724/,6,121,Percents,Quantitative,,,,,,
14,146. Algebra - Slope Intercept Form 2,http://www.ggvinteractive.com/ggv/sample-course/support-media/external-media/17/,14,128,"Coordinates, Slope, Slope Intercept, Function",Algebraic,,,,,,
15,142. Algebra - Slope Rise over Run 1,http://www.ggvinteractive.com/ggv/sample-course/support-media/external-media/19/,14,128,"Coordinates, Slope, Slope Intercept, Function",Algebraic,,,,,,
16,152. Clock,http://www.ggvinteractive.com/ggv/sample-course/slidestack/745/,16,130,Clock,Quantitative,,,,,,
17,4. Rounding Off,http://www.ggvinteractive.com/ggv/sample-course/slidestack/685/,2,110,Rounding,Quantitative,,,,,,
18,116. Pythagorean Relationship,http://www.ggvinteractive.com/ggv/sample-course/slidestack/741/,11,34,Pythagorean,Algebraic,,,,,,
19,118. Number Line,http://www.ggvinteractive.com/ggv/sample-course/slidestack/742/,12,127,Number Line,Algebraic,,,,,,
20,125. Algebra - Expressions and Equations,http://www.ggvinteractive.com/ggv/sample-course/slidestack/14/,13,131,Expressions and Equations,Algebraic,,,,,,
21,27. Fractions - Write and Reduce,http://www.ggvinteractive.com/ggv/sample-course/slidestack/708/,4,118,Fractions,Quantitative,,,,,,
22,93. Geometry - Perimeter,http://www.ggvinteractive.com/ggv/sample-course/slidestack/734/,9,124,Geometry and Algebra,Algebraic,,,,,,
23,101. Geometry and Algebra - Area,http://www.ggvinteractive.com/ggv/sample-course/slidestack/738/,9,124,Geometry and Algebra,Algebraic,,,,,,
24,"34. Fractions - Arrange, Add, Subtract",http://www.ggvinteractive.com/ggv/sample-course/slidestack/711/,4,118,Fractions,Quantitative,,,,,,
25,23. Expressions Word Problems,http://www.ggvinteractive.com/ggv/sample-course/slidestack/707/,4,117,Expressions,Quantitative,,,,,,